{
    "model_type": "logistic_regression",
    "feature_types": [
        "tfidf",
        "sql_semantic"
    ],
    "timestamp": "2025-02-05T06:46:15.496835",
    "accuracy": 0.9870633893919794,
    "precision": 0.9870736477842494,
    "recall": 0.9870633893919794,
    "f1": 0.9870467505335394,
    "inference_time": 0.008867979049682617,
    "memory_usage": 831.89453125,
    "training_time": 12.440932035446167,
    "false_positive_rate": null,
    "true_positive_rate": null,
    "auc_score": null,
    "confusion_matrix": null,
    "feature_importance": null,
    "model_params": null
}