{
    "model_type": "random_forest",
    "feature_types": [
        "tfidf",
        "sql_semantic"
    ],
    "timestamp": "2025-02-05T06:45:54.704540",
    "accuracy": 0.9957956015523933,
    "precision": 0.9957961319353181,
    "recall": 0.9957956015523933,
    "f1": 0.9957940782085085,
    "inference_time": 0.038572072982788086,
    "memory_usage": 832.64453125,
    "training_time": 2.877490282058716,
    "false_positive_rate": null,
    "true_positive_rate": null,
    "auc_score": null,
    "confusion_matrix": null,
    "feature_importance": null,
    "model_params": null
}